-- phpMyAdmin SQL Dump
-- version 4.9.2
-- https://www.phpmyadmin.net/
--
-- Host: 127.0.0.1
-- Czas generowania: 30 Sty 2020, 20:54
-- Wersja serwera: 10.4.11-MariaDB
-- Wersja PHP: 7.2.26

SET SQL_MODE = "NO_AUTO_VALUE_ON_ZERO";
SET AUTOCOMMIT = 0;
START TRANSACTION;
SET time_zone = "+00:00";


/*!40101 SET @OLD_CHARACTER_SET_CLIENT=@@CHARACTER_SET_CLIENT */;
/*!40101 SET @OLD_CHARACTER_SET_RESULTS=@@CHARACTER_SET_RESULTS */;
/*!40101 SET @OLD_COLLATION_CONNECTION=@@COLLATION_CONNECTION */;
/*!40101 SET NAMES utf8mb4 */;

--
-- Baza danych: `sklep`
--

-- --------------------------------------------------------

--
-- Struktura tabeli dla tabeli `produkty`
--

CREATE TABLE `produkty` (
  `idproduktu` int(11) NOT NULL,
  `produkt` varchar(255) NOT NULL,
  `cena` int(11) NOT NULL
) ENGINE=InnoDB DEFAULT CHARSET=utf8mb4;

--
-- Zrzut danych tabeli `produkty`
--

INSERT INTO `produkty` (`idproduktu`, `produkt`, `cena`) VALUES
(1, 'paczki', 11),
(2, 'dywan', 15),
(3, 'bluzka', 5),
(4, 'rajstopy', 50),
(5, 'Torebka', 20),
(6, 'Telefon', 120);

-- --------------------------------------------------------

--
-- Struktura tabeli dla tabeli `users`
--

CREATE TABLE `users` (
  `iduser` int(11) NOT NULL,
  `login` varchar(16) NOT NULL,
  `password` varchar(255) NOT NULL
) ENGINE=InnoDB DEFAULT CHARSET=utf8mb4;

--
-- Zrzut danych tabeli `users`
--

INSERT INTO `users` (`iduser`, `login`, `password`) VALUES
(1, 'Adio', 'd404559f602eab6fd602ac7680dacbfaadd13630335e951f097af3900e9de176b6db28512f2e000b9d04fba5133e8b1c6e8df59db3a8ab9d60be4b97cc9e81db'),
(2, 'admin', 'c7ad44cbad762a5da0a452f9e854fdc1e0e7a52a38015f23f3eab1d80b931dd472634dfac71cd34ebc35d16ab7fb8a90c81f975113d6c7538dc69dd8de9077ec');

-- --------------------------------------------------------

--
-- Struktura tabeli dla tabeli `zamowienia`
--

CREATE TABLE `zamowienia` (
  `idzamowienia` int(11) NOT NULL,
  `iduser` int(11) NOT NULL,
  `idproduktu` int(11) NOT NULL,
  `ilosc` int(11) NOT NULL,
  `dnia` date NOT NULL
) ENGINE=InnoDB DEFAULT CHARSET=utf8mb4;

--
-- Zrzut danych tabeli `zamowienia`
--

INSERT INTO `zamowienia` (`idzamowienia`, `iduser`, `idproduktu`, `ilosc`, `dnia`) VALUES
(1, 1, 1, 5, '0000-00-00'),
(2, 1, 2, 3, '0000-00-00'),
(3, 2, 1, 5, '0000-00-00'),
(4, 2, 2, 3, '0000-00-00'),
(5, 2, 3, 1, '0000-00-00'),
(6, 2, 1, 5, '0000-00-00'),
(7, 2, 2, 5, '0000-00-00'),
(8, 2, 2, 5, '2020-01-27'),
(9, 2, 3, 3, '2020-01-27'),
(10, 2, 4, 10, '2020-01-27'),
(11, 4, 2, 5, '2020-01-29'),
(12, 4, 1, 3, '2020-01-29'),
(13, 4, 3, 5, '2020-01-29'),
(14, 4, 3, 3, '2020-01-29'),
(15, 1, 2, 5, '2020-01-29'),
(16, 1, 4, 6, '2020-01-29'),
(17, 1, 1, 1, '2020-01-29'),
(18, 1, 6, 4, '2020-01-29'),
(19, 1, 2, 5, '2020-01-30'),
(20, 1, 1, 3, '2020-01-30'),
(21, 1, 2, 5, '2020-01-30');

--
-- Indeksy dla zrzutów tabel
--

--
-- Indeksy dla tabeli `produkty`
--
ALTER TABLE `produkty`
  ADD PRIMARY KEY (`idproduktu`);

--
-- Indeksy dla tabeli `users`
--
ALTER TABLE `users`
  ADD PRIMARY KEY (`iduser`);

--
-- Indeksy dla tabeli `zamowienia`
--
ALTER TABLE `zamowienia`
  ADD PRIMARY KEY (`idzamowienia`);

--
-- AUTO_INCREMENT dla tabel zrzutów
--

--
-- AUTO_INCREMENT dla tabeli `produkty`
--
ALTER TABLE `produkty`
  MODIFY `idproduktu` int(11) NOT NULL AUTO_INCREMENT, AUTO_INCREMENT=13;

--
-- AUTO_INCREMENT dla tabeli `users`
--
ALTER TABLE `users`
  MODIFY `iduser` int(11) NOT NULL AUTO_INCREMENT, AUTO_INCREMENT=3;

--
-- AUTO_INCREMENT dla tabeli `zamowienia`
--
ALTER TABLE `zamowienia`
  MODIFY `idzamowienia` int(11) NOT NULL AUTO_INCREMENT, AUTO_INCREMENT=22;
COMMIT;

/*!40101 SET CHARACTER_SET_CLIENT=@OLD_CHARACTER_SET_CLIENT */;
/*!40101 SET CHARACTER_SET_RESULTS=@OLD_CHARACTER_SET_RESULTS */;
/*!40101 SET COLLATION_CONNECTION=@OLD_COLLATION_CONNECTION */;
